s’¬‘º–¼,‚©‚È,URL,U‹»‹Ç–¼
ˆ¤•Ê’¬,‚ ‚¢‚×‚Â‚¿‚å‚¤,http://www.town.aibetsu.hokkaido.jp/,ãì‘‡U‹»‹Ç
Ôˆäì‘º,‚ ‚©‚¢‚ª‚í‚Ş‚ç,https://www.akaigawa.com/,Œãu‘‡U‹»‹Ç
Ô•½s,‚ ‚©‚Ñ‚ç‚µ,https://www.city.akabira.hokkaido.jp/,‹ó’m‘‡U‹»‹Ç
ˆ®ìs,‚ ‚³‚Ğ‚©‚í‚µ,https://www.city.asahikawa.hokkaido.jp/,ãì‘‡U‹»‹Ç
ˆ°•Ês,‚ ‚µ‚×‚Â‚µ,https://www.city.ashibetsu.hokkaido.jp/,‹ó’m‘‡U‹»‹Ç
‘«Šñ’¬,‚ ‚µ‚å‚ë‚¿‚å‚¤,https://www.town.ashoro.hokkaido.jp/,\Ÿ‘‡U‹»‹Ç
ŒúŠİ’¬,‚ ‚Á‚¯‚µ‚¿‚å‚¤,https://www.akkeshi-town.jp/,‹ú˜H‘‡U‹»‹Ç
Œú‘ò•”’¬,‚ ‚Á‚³‚Ô‚¿‚å‚¤,https://www.town.assabu.lg.jp/,wRU‹»‹Ç
Œú^’¬,‚ ‚Â‚Ü‚¿‚å‚¤,http://www.town.atsuma.lg.jp/,’_U‘‡U‹»‹Ç
–Ô‘–s,‚ ‚Î‚µ‚è‚µ,https://www.city.abashiri.hokkaido.jp/,ƒIƒz[ƒcƒN‘‡U‹»‹Ç
ˆÀ•½’¬,‚ ‚Ñ‚ç‚¿‚å‚¤,https://www.town.abira.lg.jp/,’_U‘‡U‹»‹Ç
’r“c’¬,‚¢‚¯‚¾‚¿‚å‚¤,https://www.town.hokkaido-ikeda.lg.jp/,\Ÿ‘‡U‹»‹Ç
Îës,‚¢‚µ‚©‚è‚µ,http://www.city.ishikari.hokkaido.jp/,ÎëU‹»‹Ç
¡‹à’¬,‚¢‚Ü‚©‚Ë‚¿‚å‚¤,https://www.town.imakane.lg.jp/,wRU‹»‹Ç
Šâ“à’¬,‚¢‚í‚È‚¢‚¿‚å‚¤,https://www.town.iwanai.hokkaido.jp/,Œãu‘‡U‹»‹Ç
ŠâŒ©‘òs,‚¢‚í‚İ‚´‚í‚µ,https://www.city.iwamizawa.hokkaido.jp/,‹ó’m‘‡U‹»‹Ç
‰Ìu“às,‚¤‚½‚µ‚È‚¢‚µ,https://www.city.utashinai.hokkaido.jp/,‹ó’m‘‡U‹»‹Ç
‰Y‰P’¬,‚¤‚ç‚¤‚·‚¿‚å‚¤,https://www.town.urausu.hokkaido.jp/,‹ó’m‘‡U‹»‹Ç
‰Y‰Í’¬,‚¤‚ç‚©‚í‚¿‚å‚¤,https://www.town.urakawa.hokkaido.jp/,“ú‚U‹»‹Ç
‰Y–y’¬,‚¤‚ç‚Ù‚ë‚¿‚å‚¤,https://www.urahoro.jp/,\Ÿ‘‡U‹»‹Ç
‰J—³’¬,‚¤‚è‚ã‚¤‚¿‚å‚¤,https://www.town.uryu.hokkaido.jp/,‹ó’m‘‡U‹»‹Ç
]·’¬,‚¦‚³‚µ‚¿‚å‚¤,https://www.hokkaido-esashi.jp/,wRU‹»‹Ç
}K’¬,‚¦‚³‚µ‚¿‚å‚¤,https://www.esashi.jp/,@’J‘‡U‹»‹Ç
Œb’ës,‚¦‚É‚í‚µ,https://www.city.eniwa.hokkaido.jp/,ÎëU‹»‹Ç
]•Ês,‚¦‚×‚Â‚µ,https://www.city.ebetsu.hokkaido.jp/,ÎëU‹»‹Ç
‚¦‚è‚à’¬,‚¦‚è‚à‚¿‚å‚¤,https://www.town.erimo.lg.jp/,“ú‚U‹»‹Ç
‰“Œy’¬,‚¦‚ñ‚ª‚é‚¿‚å‚¤,https://engaru.jp/,ƒIƒz[ƒcƒN‘‡U‹»‹Ç
‰“•Ê’¬,‚¦‚ñ‚×‚Â‚¿‚å‚¤,http://www.town.embetsu.hokkaido.jp/,—¯–GU‹»‹Ç
—Y•’¬,‚¨‚¤‚Ş‚¿‚å‚¤,http://www.town.oumu.hokkaido.jp/,ƒIƒz[ƒcƒN‘‡U‹»‹Ç
‘å‹ó’¬,‚¨‚¨‚¼‚ç‚¿‚å‚¤,http://www.town.ozora.hokkaido.jp/,ƒIƒz[ƒcƒN‘‡U‹»‹Ç
‰œK’¬,‚¨‚­‚µ‚è‚¿‚å‚¤,https://www.town.okushiri.lg.jp/,wRU‹»‹Ç
’uŒË’¬,‚¨‚¯‚Æ‚¿‚å‚¤,http://www.town.oketo.hokkaido.jp/,ƒIƒz[ƒcƒN‘‡U‹»‹Ç
‹»•”’¬,‚¨‚±‚Á‚Ø‚¿‚å‚¤,https://www.town.okoppe.lg.jp/,ƒIƒz[ƒcƒN‘‡U‹»‹Ç
’·–œ•”’¬,‚¨‚µ‚á‚Ü‚ñ‚×‚¿‚å‚¤,http://www.town.oshamambe.lg.jp/,“n“‡‘‡U‹»‹Ç
¬’Ms,‚¨‚½‚é‚µ,https://www.city.otaru.lg.jp/,Œãu‘‡U‹»‹Ç
‰¹ˆĞq•{‘º,‚¨‚Æ‚¢‚Ë‚Á‚Õ‚Ş‚ç,https://www.vill.otoineppu.hokkaido.jp/,ãì‘‡U‹»‹Ç
‰¹X’¬,‚¨‚Æ‚Ó‚¯‚¿‚å‚¤,https://www.town.otofuke.hokkaido.jp/,\Ÿ‘‡U‹»‹Ç
‰³•”’¬,‚¨‚Æ‚×‚¿‚å‚¤,https://www.town.otobe.lg.jp/,wRU‹»‹Ç
‘ÑLs,‚¨‚Ñ‚Ğ‚ë‚µ,https://www.city.obihiro.hokkaido.jp/,\Ÿ‘‡U‹»‹Ç
¬•½’¬,‚¨‚Ñ‚ç‚¿‚å‚¤,https://www.town.obira.hokkaido.jp/,—¯–GU‹»‹Ç
ãì’¬,‚©‚İ‚©‚í‚¿‚å‚¤,https://www.town.hokkaido-kamikawa.lg.jp/,ãì‘‡U‹»‹Ç
ãm–y’¬,‚©‚İ‚µ‚Ù‚ë‚¿‚å‚¤,https://www.kamishihoro.jp/,\Ÿ‘‡U‹»‹Ç
ã»ì’¬,‚©‚İ‚·‚È‚ª‚í‚¿‚å‚¤,http://town.kamisunagawa.hokkaido.jp/,‹ó’m‘‡U‹»‹Ç
ãƒm‘’¬,‚©‚İ‚Ì‚­‚É‚¿‚å‚¤,http://www.town.kaminokuni.lg.jp/,wRU‹»‹Ç
ã•x—Ç–ì’¬,‚©‚İ‚Ó‚ç‚Ì‚¿‚å‚¤,https://www.town.kamifurano.hokkaido.jp/,ãì‘‡U‹»‹Ç
_Œb“à‘º,‚©‚à‚¦‚È‚¢‚Ş‚ç,https://www.vill.kamoenai.hokkaido.jp/,Œãu‘‡U‹»‹Ç
–ØŒÃ“à’¬,‚«‚±‚È‚¢‚¿‚å‚¤,https://www.town.kikonai.hokkaido.jp/,“n“‡‘‡U‹»‹Ç
–kL“‡s,‚«‚½‚Ğ‚ë‚µ‚Ü‚µ,https://www.city.kitahiroshima.hokkaido.jp/,ÎëU‹»‹Ç
–kŒ©s,‚«‚½‚İ‚µ,https://www.city.kitami.lg.jp/,ƒIƒz[ƒcƒN‘‡U‹»‹Ç
Šì–Î•Ê’¬,‚«‚à‚×‚Â‚¿‚å‚¤,http://www.town.kimobetsu.hokkaido.jp/,Œãu‘‡U‹»‹Ç
‹‹É’¬,‚«‚å‚¤‚²‚­‚¿‚å‚¤,http://www.town-kyogoku.jp/,Œãu‘‡U‹»‹Ç
‹¤˜a’¬,‚«‚å‚¤‚í‚¿‚å‚¤,https://www.town.kyowa.hokkaido.jp/,Œãu‘‡U‹»‹Ç
´—¢’¬,‚«‚æ‚³‚Æ‚¿‚å‚¤,https://www.town.kiyosato.hokkaido.jp/,ƒIƒz[ƒcƒN‘‡U‹»‹Ç
‹ú˜Hs,‚­‚µ‚ë‚µ,https://www.city.kushiro.lg.jp/,‹ú˜H‘‡U‹»‹Ç
‹ú˜H’¬,‚­‚µ‚ë‚¿‚å‚¤,http://www.town.kushiro.lg.jp/,‹ú˜H‘‡U‹»‹Ç
‹ä’mˆÀ’¬,‚­‚Á‚¿‚á‚ñ‚¿‚å‚¤,https://www.town.kutchan.hokkaido.jp/,Œãu‘‡U‹»‹Ç
ŒIR’¬,‚­‚è‚â‚Ü‚¿‚å‚¤,http://town.kuriyama.hokkaido.jp/,‹ó’m‘‡U‹»‹Ç
•¼“à’¬,‚­‚ë‚Ü‚Â‚È‚¢‚¿‚å‚¤,http://www.kuromatsunai.com/,Œãu‘‡U‹»‹Ç
ŒPq•{’¬,‚­‚ñ‚Ë‚Á‚Õ‚¿‚å‚¤,https://www.town.kunneppu.hokkaido.jp/,ƒIƒz[ƒcƒN‘‡U‹»‹Ç
Œ••£’¬,‚¯‚ñ‚Ô‚¿‚¿‚å‚¤,https://www.town.kembuchi.hokkaido.jp/,ãì‘‡U‹»‹Ç
¬´…’¬,‚±‚µ‚İ‚¸‚¿‚å‚¤,https://www.town.koshimizu.hokkaido.jp/,ƒIƒz[ƒcƒN‘‡U‹»‹Ç
D–ys,‚³‚Á‚Û‚ë‚µ,https://www.city.sapporo.jp/,ÎëU‹»‹Ç
X•Ê‘º,‚³‚ç‚×‚Â‚Ş‚ç,https://www.sarabetsu.jp/,\Ÿ‘‡U‹»‹Ç
—l—’¬,‚³‚Ü‚É‚¿‚å‚¤,http://www.samani.jp/,“ú‚U‹»‹Ç
‰•¥‘º,‚³‚é‚Ó‚Â‚Ş‚ç,https://www.vill.sarufutsu.hokkaido.jp/,@’J‘‡U‹»‹Ç
²˜CŠÔ’¬,‚³‚ë‚Ü‚¿‚å‚¤,https://www.town.saroma.hokkaido.jp/,ƒIƒz[ƒcƒN‘‡U‹»‹Ç
­’Ç’¬,‚µ‚©‚¨‚¢‚¿‚å‚¤,https://www.town.shikaoi.lg.jp/,\Ÿ‘‡U‹»‹Ç
­•”’¬,‚µ‚©‚×‚¿‚å‚¤,http://www.town.shikabe.lg.jp/,“n“‡‘‡U‹»‹Ç
•W’ƒ’¬,‚µ‚×‚¿‚á‚¿‚å‚¤,http://www.town.shibecha.hokkaido.jp/,‹ú˜H‘‡U‹»‹Ç
m•Ês,‚µ‚×‚Â‚µ,https://www.city.shibetsu.lg.jp/,ãì‘‡U‹»‹Ç
•W’Ã’¬,‚µ‚×‚Â‚¿‚å‚¤,https://www.shibetsutown.jp/,ªºU‹»‹Ç
m–y’¬,‚µ‚Ù‚ë‚¿‚å‚¤,https://www.shihoro.jp/,\Ÿ‘‡U‹»‹Ç
“‡–q‘º,‚µ‚Ü‚Ü‚«‚Ş‚ç,https://www.vill.shimamaki.lg.jp/,Œãu‘‡U‹»‹Ç
´…’¬,‚µ‚İ‚¸‚¿‚å‚¤,http://www.town.shimizu.hokkaido.jp/,\Ÿ‘‡U‹»‹Ç
èŠ¥‘º,‚µ‚Ş‚©‚Á‚Õ‚Ş‚ç,http://www.vill.shimukappu.lg.jp/,ãì‘‡U‹»‹Ç
‰ºì’¬,‚µ‚à‚©‚í‚¿‚å‚¤,https://www.town.shimokawa.hokkaido.jp/,ãì‘‡U‹»‹Ç
Ï’O’¬,‚µ‚á‚±‚½‚ñ‚¿‚å‚¤,http://www.town.shakotan.hokkaido.jp/,Œãu‘‡U‹»‹Ç
Î—¢’¬,‚µ‚á‚è‚¿‚å‚¤,https://www.town.shari.hokkaido.jp/,ƒIƒz[ƒcƒN‘‡U‹»‹Ç
‰R•Ê‘º,‚µ‚å‚³‚ñ‚×‚Â‚Ş‚ç,http://www.vill.shosanbetsu.lg.jp/,—¯–GU‹»‹Ç
”’˜V’¬,‚µ‚ç‚¨‚¢‚¿‚å‚¤,http://www.town.shiraoi.hokkaido.jp/,’_U‘‡U‹»‹Ç
”’f’¬,‚µ‚ç‚Ê‚©‚¿‚å‚¤,https://www.town.shiranuka.lg.jp/,‹ú˜H‘‡U‹»‹Ç
’m“à’¬,‚µ‚è‚¤‚¿‚¿‚å‚¤,https://www.town.shiriuchi.hokkaido.jp/,“n“‡‘‡U‹»‹Ç
VÂ’Ã‘º,‚µ‚ñ‚µ‚Ì‚Â‚Ş‚ç,https://www.vill.shinshinotsu.hokkaido.jp/,ÎëU‹»‹Ç
V“¾’¬,‚µ‚ñ‚Æ‚­‚¿‚å‚¤,https://www.shintoku-town.jp/,\Ÿ‘‡U‹»‹Ç
V\’Ãì’¬,‚µ‚ñ‚Æ‚Â‚©‚í‚¿‚å‚¤,https://www.town.shintotsukawa.lg.jp/,‹ó’m‘‡U‹»‹Ç
V‚Ğ‚¾‚©’¬,‚µ‚ñ‚Ğ‚¾‚©‚¿‚å‚¤,https://www.shinhidaka-hokkaido.jp/,“ú‚U‹»‹Ç
õ“s’¬,‚·‚Á‚Â‚¿‚å‚¤,http://www.town.suttu.lg.jp/,Œãu‘‡U‹»‹Ç
»ìs,‚·‚È‚ª‚í‚µ,https://www.city.sunagawa.hokkaido.jp/,‹ó’m‘‡U‹»‹Ç
‚¹‚½‚È’¬,‚¹‚½‚È‚¿‚å‚¤,https://www.town.setana.lg.jp/,wRU‹»‹Ç
‘s•Ë’¬,‚»‚¤‚×‚Â‚¿‚å‚¤,https://www.town.sobetsu.lg.jp/,’_U‘‡U‹»‹Ç
‘å÷’¬,‚½‚¢‚«‚¿‚å‚¤,https://www.town.taiki.hokkaido.jp/,\Ÿ‘‡U‹»‹Ç
‘é²’¬,‚½‚©‚·‚¿‚å‚¤,https://www.town.takasu.hokkaido.jp/,ãì‘‡U‹»‹Ç
‘êìs,‚½‚«‚©‚í‚µ,https://www.city.takikawa.hokkaido.jp/,‹ó’m‘‡U‹»‹Ç
‘êã’¬,‚½‚«‚Ì‚¤‚¦‚¿‚å‚¤,https://town.takinoue.hokkaido.jp/,ƒIƒz[ƒcƒN‘‡U‹»‹Ç
ˆÉ’Bs,‚¾‚Ä‚µ,https://www.city.date.hokkaido.jp/,’_U‘‡U‹»‹Ç
’•ƒ•Ê’¬,‚¿‚Á‚Õ‚×‚Â‚¿‚å‚¤,https://www.town.chippubetsu.hokkaido.jp/,‹ó’m‘‡U‹»‹Ç
çÎs,‚¿‚Æ‚¹‚µ,https://www.city.chitose.lg.jp/,ÎëU‹»‹Ç
ŒŒ`’¬,‚Â‚«‚ª‚½‚¿‚å‚¤,https://www.town.tsukigata.hokkaido.jp/,‹ó’m‘‡U‹»‹Ç
’Ã•Ê’¬,‚Â‚×‚Â‚¿‚å‚¤,https://www.town.tsubetsu.hokkaido.jp/,ƒIƒz[ƒcƒN‘‡U‹»‹Ç
’ß‹‘º,‚Â‚é‚¢‚Ş‚ç,https://www.vill.tsurui.lg.jp/,‹ú˜H‘‡U‹»‹Ç
“V‰–’¬,‚Ä‚µ‚¨‚¿‚å‚¤,http://www.teshiotown.hokkaido.jp/,—¯–GU‹»‹Ç
’íq‹ü’¬,‚Ä‚µ‚©‚ª‚¿‚å‚¤,https://www.town.teshikaga.hokkaido.jp/,‹ú˜H‘‡U‹»‹Ç
“–•Ê’¬,‚Æ‚¤‚×‚Â‚¿‚å‚¤,https://www.town.tobetsu.hokkaido.jp/,ÎëU‹»‹Ç
“––ƒ’¬,‚Æ‚¤‚Ü‚¿‚å‚¤,http://town.tohma.hokkaido.jp/,ãì‘‡U‹»‹Ç
“´–êŒÎ’¬,‚Æ‚¤‚â‚±‚¿‚å‚¤,http://www.town.toyako.hokkaido.jp/,’_U‘‡U‹»‹Ç
“Ï¬–qs,‚Æ‚Ü‚±‚Ü‚¢‚µ,http://www.city.tomakomai.hokkaido.jp/,’_U‘‡U‹»‹Ç
“Ï‘O’¬,‚Æ‚Ü‚Ü‚¦‚¿‚å‚¤,http://www.town.tomamae.lg.jp/,—¯–GU‹»‹Ç
”‘‘º,‚Æ‚Ü‚è‚Ş‚ç,http://www.vill.tomari.hokkaido.jp/,Œãu‘‡U‹»‹Ç
–L‰Y’¬,‚Æ‚æ‚¤‚ç‚¿‚å‚¤,https://www.town.toyoura.hokkaido.jp/,’_U‘‡U‹»‹Ç
–L ’¬,‚Æ‚æ‚±‚ë‚¿‚å‚¤,http://www.toyokoro.jp/,\Ÿ‘‡U‹»‹Ç
–L•x’¬,‚Æ‚æ‚Æ‚İ‚¿‚å‚¤,https://www.town.toyotomi.hokkaido.jp/,@’J‘‡U‹»‹Ç
“Şˆä]’¬,‚È‚¢‚¦‚¿‚å‚¤,http://www.town.naie.hokkaido.jp/,‹ó’m‘‡U‹»‹Ç
’†ì’¬,‚È‚©‚ª‚í‚¿‚å‚¤,http://www.town.nakagawa.hokkaido.jp/,ãì‘‡U‹»‹Ç
’†D“à‘º,‚È‚©‚³‚Â‚È‚¢‚Ş‚ç,http://www.vill.nakasatsunai.hokkaido.jp/,\Ÿ‘‡U‹»‹Ç
’†•W’Ã’¬,‚È‚©‚µ‚×‚Â‚¿‚å‚¤,https://www.nakashibetsu.jp/,ªºU‹»‹Ç
’†“Ú•Ê’¬,‚È‚©‚Æ‚ñ‚×‚Â‚¿‚å‚¤,https://www.town.nakatombetsu.hokkaido.jp/,@’J‘‡U‹»‹Ç
’·À’¬,‚È‚ª‚Ê‚Ü‚¿‚å‚¤,https://www.maoi-net.jp/,‹ó’m‘‡U‹»‹Ç
’†•x—Ç–ì’¬,‚È‚©‚Ó‚ç‚Ì‚¿‚å‚¤,https://www.town.nakafurano.lg.jp/,ãì‘‡U‹»‹Ç
µ”Ñ’¬,‚È‚È‚¦‚¿‚å‚¤,https://www.town.nanae.hokkaido.jp/,“n“‡‘‡U‹»‹Ç
–¼Šñs,‚È‚æ‚ë‚µ,http://www.city.nayoro.lg.jp/,ãì‘‡U‹»‹Ç
“ì–y’¬,‚È‚ñ‚Û‚ë‚¿‚å‚¤,http://www.town.nanporo.hokkaido.jp/,‹ó’m‘‡U‹»‹Ç
VŠ¥’¬,‚É‚¢‚©‚Á‚Õ‚¿‚å‚¤,https://www.niikappu.jp/,“ú‚U‹»‹Ç
m–Ø’¬,‚É‚«‚¿‚å‚¤,http://www.town.niki.hokkaido.jp/,Œãu‘‡U‹»‹Ç
¼‹»•”‘º,‚É‚µ‚¨‚±‚Á‚Ø‚Ş‚ç,https://www.vill.nishiokoppe.lg.jp/,ƒIƒz[ƒcƒN‘‡U‹»‹Ç
ƒjƒZƒR’¬,‚É‚¹‚±‚¿‚å‚¤,https://www.town.niseko.lg.jp/,Œãu‘‡U‹»‹Ç
À“c’¬,‚Ê‚Ü‚½‚¿‚å‚¤,https://www.town.numata.hokkaido.jp/,‹ó’m‘‡U‹»‹Ç
ªºs,‚Ë‚Ş‚ë‚µ,https://www.city.nemuro.hokkaido.jp/,ªºU‹»‹Ç
“o•Ês,‚Ì‚Ú‚è‚×‚Â‚µ,https://www.city.noboribetsu.lg.jp/,’_U‘‡U‹»‹Ç
”ŸŠÙs,‚Í‚±‚¾‚Ä‚µ,https://www.city.hakodate.hokkaido.jp/,“n“‡‘‡U‹»‹Ç
‰H–y’¬,‚Í‚Ú‚ë‚¿‚å‚¤,https://www.town.haboro.lg.jp/,—¯–GU‹»‹Ç
•l“Ú•Ê’¬,‚Í‚Ü‚Æ‚ñ‚×‚Â‚¿‚å‚¤,http://www.town.hamatonbetsu.hokkaido.jp/,@’J‘‡U‹»‹Ç
•l’†’¬,‚Í‚Ü‚È‚©‚¿‚å‚¤,https://www.townhamanaka.jp/,‹ú˜H‘‡U‹»‹Ç
”ü‰l’¬,‚Ñ‚¦‚¢‚¿‚å‚¤,https://town.biei.hokkaido.jp/,ãì‘‡U‹»‹Ç
“Œ_Šy’¬,‚Ğ‚ª‚µ‚©‚®‚ç‚¿‚å‚¤,https://www.town.higashikagura.lg.jp/,ãì‘‡U‹»‹Ç
“Œì’¬,‚Ğ‚ª‚µ‚©‚í‚¿‚å‚¤,https://town.higashikawa.hokkaido.jp/,ãì‘‡U‹»‹Ç
“ú‚’¬,‚Ğ‚¾‚©‚¿‚å‚¤,https://www.town.hidaka.hokkaido.jp/,“ú‚U‹»‹Ç
”ä•z’¬,‚Ò‚Á‚Õ‚¿‚å‚¤,http://www.town.pippu.hokkaido.jp/,ãì‘‡U‹»‹Ç
”ü‰Ss,‚Ñ‚Î‚¢‚µ,http://www.city.bibai.hokkaido.jp/,‹ó’m‘‡U‹»‹Ç
”ü[’¬,‚Ñ‚Ó‚©‚¿‚å‚¤,http://www.town.bifuka.hokkaido.jp/,ãì‘‡U‹»‹Ç
”ü–y’¬,‚Ñ‚Ù‚ë‚¿‚å‚¤,http://www.town.bihoro.hokkaido.jp/,ƒIƒz[ƒcƒN‘‡U‹»‹Ç
•½æ’¬,‚Ñ‚ç‚Æ‚è‚¿‚å‚¤,http://www.town.biratori.hokkaido.jp/,“ú‚U‹»‹Ç
L”ö’¬,‚Ğ‚ë‚¨‚¿‚å‚¤,https://www.town.hiroo.lg.jp/,\Ÿ‘‡U‹»‹Ç
[ìs,‚Ó‚©‚ª‚í‚µ,https://www.city.fukagawa.lg.jp/,‹ó’m‘‡U‹»‹Ç
•Ÿ“‡’¬,‚Ó‚­‚µ‚Ü‚¿‚å‚¤,http://www.town.fukushima.hokkaido.jp/,“n“‡‘‡U‹»‹Ç
•x—Ç–ìs,‚Ó‚ç‚Ì‚µ,http://www.city.furano.hokkaido.jp/,ãì‘‡U‹»‹Ç
ŒÃ•½’¬,‚Ó‚é‚Ñ‚ç‚¿‚å‚¤,http://www.town.furubira.lg.jp/,Œãu‘‡U‹»‹Ç
•ÊŠC’¬,‚×‚Â‚©‚¢‚¿‚å‚¤,https://betsukai.jp/,ªºU‹»‹Ç
–k“ls,‚Ù‚­‚Æ‚µ,https://www.city.hokuto.hokkaido.jp/,“n“‡‘‡U‹»‹Ç
–k—³’¬,‚Ù‚­‚è‚ã‚¤‚¿‚å‚¤,http://www.town.hokuryu.hokkaido.jp/,‹ó’m‘‡U‹»‹Ç
–y‰Á“à’¬,‚Ù‚ë‚©‚È‚¢‚¿‚å‚¤,http://www.town.horokanai.hokkaido.jp/,ãì‘‡U‹»‹Ç
–y‰„’¬,‚Ù‚ë‚Ì‚×‚¿‚å‚¤,https://www.town.horonobe.lg.jp/,@’J‘‡U‹»‹Ç
–{•Ê’¬,‚Ù‚ñ‚×‚Â‚¿‚å‚¤,https://www.town.honbetsu.hokkaido.jp/,\Ÿ‘‡U‹»‹Ç
–‹•Ê’¬,‚Ü‚­‚×‚Â‚¿‚å‚¤,https://www.town.makubetsu.lg.jp/,\Ÿ‘‡U‹»‹Ç
‘–Ñ’¬,‚Ü‚µ‚¯‚¿‚å‚¤,https://www.town.mashike.hokkaido.jp/,—¯–GU‹»‹Ç
^ë‘º,‚Ü‚Á‚©‚è‚Ş‚ç,https://www.vill.makkari.lg.jp/,Œãu‘‡U‹»‹Ç
¼‘O’¬,‚Ü‚Â‚Ü‚¦‚¿‚å‚¤,https://www.town.matsumae.hokkaido.jp/,“n“‡‘‡U‹»‹Ç
OŠ}s,‚İ‚©‚³‚µ,https://www.city.mikasa.hokkaido.jp/,‹ó’m‘‡U‹»‹Ç
“ì•x—Ç–ì’¬,‚İ‚È‚İ‚Ó‚ç‚Ì‚¿‚å‚¤,https://town.minamifurano.hokkaido.jp/,ãì‘‡U‹»‹Ç
‚Ş‚©‚í’¬,‚Ş‚©‚í‚¿‚å‚¤,http://www.town.mukawa.lg.jp/,’_U‘‡U‹»‹Ç
º—–s,‚Ş‚ë‚ç‚ñ‚µ,https://www.city.muroran.lg.jp/,’_U‘‡U‹»‹Ç
‰èº’¬,‚ß‚Ş‚ë‚¿‚å‚¤,https://www.memuro.net/,\Ÿ‘‡U‹»‹Ç
–…”w‹’¬,‚à‚¹‚¤‚µ‚¿‚å‚¤,https://www.town.moseushi.hokkaido.jp/,‹ó’m‘‡U‹»‹Ç
X’¬,‚à‚è‚Ü‚¿,https://www.town.hokkaido-mori.lg.jp/,“n“‡‘‡U‹»‹Ç
–ä•Ês,‚à‚ñ‚×‚Â‚µ,https://mombetsu.jp/,ƒIƒz[ƒcƒN‘‡U‹»‹Ç
”ª‰_’¬,‚â‚­‚à‚¿‚å‚¤,https://www.town.yakumo.lg.jp/,“n“‡‘‡U‹»‹Ç
—[’£s,‚ä‚¤‚Î‚è‚µ,https://www.city.yubari.lg.jp/,‹ó’m‘‡U‹»‹Ç
—N•Ê’¬,‚ä‚¤‚×‚Â‚¿‚å‚¤,https://www.town.yubetsu.lg.jp/,ƒIƒz[ƒcƒN‘‡U‹»‹Ç
—Rm’¬,‚ä‚É‚¿‚å‚¤,http://www.town.yuni.lg.jp/,‹ó’m‘‡U‹»‹Ç
—]s’¬,‚æ‚¢‚¿‚¿‚å‚¤,https://www.town.yoichi.hokkaido.jp/,Œãu‘‡U‹»‹Ç
—…‰P’¬,‚ç‚¤‚·‚¿‚å‚¤,http://www.rausu-town.jp/,ªºU‹»‹Ç
—–‰z’¬,‚ç‚ñ‚±‚µ‚¿‚å‚¤,http://www.town.rankoshi.hokkaido.jp/,Œãu‘‡U‹»‹Ç
—¤•Ê’¬,‚è‚­‚×‚Â‚¿‚å‚¤,https://www.rikubetsu.jp/,\Ÿ‘‡U‹»‹Ç
—˜K’¬,‚è‚µ‚è‚¿‚å‚¤,http://www.town.rishiri.hokkaido.jp/,@’J‘‡U‹»‹Ç
—˜K•xm’¬,‚è‚µ‚è‚Ó‚¶‚¿‚å‚¤,https://www.town.rishirifuji.hokkaido.jp/,@’J‘‡U‹»‹Ç
—¯õ“s‘º,‚é‚·‚Â‚Ş‚ç,https://www.vill.rusutsu.lg.jp/,Œãu‘‡U‹»‹Ç
—¯–Gs,‚é‚à‚¢‚µ,https://www.e-rumoi.jp/,—¯–GU‹»‹Ç
—ç•¶’¬,‚ê‚Ô‚ñ‚¿‚å‚¤,https://www.town.rebun.hokkaido.jp/,@’J‘‡U‹»‹Ç
’t“às,‚í‚Á‚©‚È‚¢‚µ,https://www.city.wakkanai.hokkaido.jp/,@’J‘‡U‹»‹Ç
˜aŠ¦’¬,‚í‚Á‚³‚Ş‚¿‚å‚¤,https://www.town.wassamu.hokkaido.jp/,ãì‘‡U‹»‹Ç
